review_rating,frac
1,0.10348583877995643
2,0.14512922465208747
3,0.15862068965517243
4,0.22246376811594204
5,0.2116156935434044
